{"chain (CUDA)":[7.13180549e8,1.00328668e9,1.261166711e9,1.525776931e9,1.826481e9,2.09923537e9,2.36602944e9,2.776764007e9,3.055353679e9,3.349255013e9,3.578794149e9,3.858998376e9,4.102947659e9,8.137535194e9,1.6297234991e10,3.3561361407e10,7.0862289313e10],"chain (subspace,CUDA)":[3.19167715e8,3.16250578e8,3.04939858e8,5.76313345e8,5.7777712e8,6.00879127e8,8.82536778e8,8.73194515e8,8.83801303e8,1.255335657e9,1.597286598e9,1.604957489e9,1.597400538e9,1.961091078e9,2.394724824e9,3.200175886e9,4.414027383e9],"ring (CUDA)":[9.6646899e7,1.09932659e8,1.31335694e8,1.6012467e8,1.84417073e8,2.12559216e8,2.34472208e8,2.77656362e8,2.99521696e8,3.26032329e8,3.5273995e8,3.75347803e8,3.94422414e8,8.12493482e8,1.639860928e9,3.395054006e9,7.177654389e9],"chain (subspace,CPU)":[1.347736e6,1.584401e6,2.020965e6,6.3587e6,9.033546e6,1.7451644e7,5.1108413e7,7.7576856e7,1.65353983e8,4.60203313e8,1.222786027e9,1.865141879e9,3.898195262e9,9.992166524e9,2.4742728747e10,6.84482344e10,1.23157879121e11],"chain (CPU)":[5.659367e6,1.0729709e7,2.1348658e7,4.5219041e7,1.01501122e8,2.42458557e8,5.69504127e8,1.351095262e9,3.114578923e9,7.405254404e9,1.7647222737e10,4.4928587211e10,1.2953400873e11,3.90069249193e11,1.002556249458e12,2.378542560014e12,5.699633353473e12],"ring (CPU)":[795544.0,1.261084e6,2.326711e6,4.964179e6,1.0971764e7,2.5212406e7,5.9958718e7,1.44593399e8,3.33266725e8,7.87286045e8,1.880360121e9,4.54895464e9,1.3050312398e10,4.2087692381e10,1.03002228992e11,2.82392183456e11,5.90509664847e11]}