{"CUDA":[2.37137245e8,3.1930783e8,3.79231361e8,4.53498458e8,5.26912863e8,5.8120837e8,6.7210421e8,7.48044247e8,8.38648361e8,9.16245062e8,9.90882997e8,1.046921097e9,1.121858618e9,2.248404634e9,4.543740991e9,9.282070124e9,1.9352157091e10],"CPU":[1.947016e6,3.553907e6,6.677658e6,1.3643106e7,3.0742084e7,7.0683862e7,1.66362844e8,3.80048832e8,8.90721577e8,2.067121482e9,5.099296779e9,1.2489531758e10,3.8591708633e10,1.07537980968e11,2.94459624802e11,7.96633449857e11,1.574614778199e12]}